Date,Symbol,Series,Prev Close,Open,High,Low,Last,Close,VWAP,Volume,Turnover,Trades,Deliverable Volume,%Deliverble
2000-01-03,ICICI,EQ,92.1,96.9,99.5,95.0,99.5,99.25,98.34,364770,3587287790000.0,,,
2000-01-04,ICICI,EQ,99.25,101.0,105.5,99.0,103.35,103.65,102.7,642407,6597757170000.0,,,
2000-01-05,ICICI,EQ,103.65,100.0,103.0,96.3,102.0,99.85,100.17,413205,4139009890000.0,,,
2000-01-06,ICICI,EQ,99.85,102.0,104.45,101.6,102.95,103.3,103.13,698460,7203494420000.0,,,
2000-01-07,ICICI,EQ,103.3,101.0,102.5,96.0,97.2,96.9,98.23,229187,2251279680000.0,,,
2000-01-10,ICICI,EQ,96.9,98.9,104.65,98.9,104.65,104.65,102.88,621588,6394823140000.0,,,
2000-01-11,ICICI,EQ,104.65,104.65,113.05,103.0,113.05,113.05,109.72,1707804,18738573695000.0,,,
2000-01-12,ICICI,EQ,113.05,122.1,122.1,122.1,122.1,122.1,122.1,1013246,12371733660000.0,,,
2000-01-13,ICICI,EQ,122.1,131.9,131.9,125.0,130.0,130.35,130.12,2923391,38038272485000.0,,,
2000-01-14,ICICI,EQ,130.35,130.0,140.8,121.4,135.9,136.9,133.43,2740826,36569765705000.0,,,
2000-01-17,ICICI,EQ,136.9,138.7,147.8,126.05,131.7,131.15,140.32,1572712,22069060715000.0,,,
2000-01-18,ICICI,EQ,131.15,127.25,138.8,127.25,136.95,136.9,135.6,1594165,21616834970000.0,,,
2000-01-19,ICICI,EQ,136.9,139.25,142.7,136.5,140.85,139.95,139.84,1355555,18956738135000.0,,,
2000-01-20,ICICI,EQ,139.95,138.0,140.1,131.65,134.1,134.0,135.69,744826,10106867655000.0,,,
2000-01-21,ICICI,EQ,134.0,134.0,134.0,129.25,131.8,131.25,131.34,424258,5572120915000.0,,,
2000-01-24,ICICI,EQ,131.25,133.85,140.0,125.05,136.15,136.0,133.43,997257,13306774390000.0,,,
2000-01-25,ICICI,EQ,136.0,132.0,136.0,126.0,131.85,128.55,131.14,780857,10240345115000.0,,,
2000-01-27,ICICI,EQ,128.55,138.75,138.75,121.0,121.25,122.2,128.85,1022800,13178778160000.0,,,
2000-01-28,ICICI,EQ,122.2,124.25,126.0,118.0,119.95,120.0,122.56,860837,10550304740000.0,,,
2000-01-31,ICICI,EQ,120.0,119.0,125.5,110.4,110.4,110.7,118.91,904190,10751969235000.0,,,
2000-02-01,ICICI,EQ,110.7,113.0,119.6,104.0,119.6,119.5,113.07,1324378,14975181880000.002,,,
2000-02-02,ICICI,EQ,119.5,124.0,129.1,124.0,129.1,129.1,128.17,454242,5822062670000.0,,,
2000-02-03,ICICI,EQ,129.1,139.45,139.45,129.75,132.1,132.75,135.83,1406082,19099513115000.0,,,
2000-02-04,ICICI,EQ,132.75,136.45,143.4,136.0,143.4,143.4,142.86,740140,10573635315000.0,,,
2000-02-07,ICICI,EQ,143.4,154.9,154.9,154.9,154.9,154.9,154.9,243112,3765804879999.9995,,,
2000-02-08,ICICI,EQ,154.9,167.3,167.3,163.25,167.3,167.3,167.19,1725102,28841817535000.004,,,
2000-02-09,ICICI,EQ,167.3,180.65,180.7,157.3,161.0,167.45,169.41,2182165,36967991940000.0,,,
2000-02-10,ICICI,EQ,167.45,158.1,164.0,154.05,154.7,154.6,156.21,1078007,16839622494999.998,,,
2000-02-11,ICICI,EQ,154.6,157.0,162.0,150.0,152.3,151.0,154.36,608767,9396676245000.0,,,
2000-02-14,ICICI,EQ,151.0,155.95,159.95,139.1,140.5,141.35,145.38,1041564,15141883805000.002,,,
2000-02-15,ICICI,EQ,141.35,144.8,152.7,144.8,152.3,151.7,150.02,1663081,24949750865000.0,,,
2000-02-16,ICICI,EQ,151.7,160.95,162.0,141.0,145.5,145.1,146.65,2217798,32523537075000.0,,,
2000-02-17,ICICI,EQ,145.1,145.3,156.75,145.3,156.75,154.2,151.61,1581951,23983244825000.0,,,
2000-02-18,ICICI,EQ,154.2,157.0,160.8,148.5,157.5,156.65,154.74,1491417,23078357515000.0,,,
2000-02-21,ICICI,EQ,156.65,156.0,159.0,151.0,151.5,151.45,154.56,679904,10508928045000.0,,,
2000-02-22,ICICI,EQ,151.45,150.0,156.0,148.1,149.4,151.9,151.91,1281438,19466695890000.0,,,
2000-02-23,ICICI,EQ,151.9,159.05,164.05,154.0,156.0,156.0,159.44,1644232,26216003895000.0,,,
2000-02-24,ICICI,EQ,156.0,156.9,168.5,156.9,163.0,163.4,163.52,1707849,27926498160000.004,,,
2000-02-25,ICICI,EQ,163.4,161.05,164.0,157.0,158.5,158.45,159.44,700523,11169429725000.0,,,
2000-02-28,ICICI,EQ,158.45,157.0,171.15,150.1,171.15,171.1,165.63,2505491,41497932740000.0,,,
2000-02-29,ICICI,EQ,171.1,174.85,184.8,161.0,164.0,169.8,176.83,2168189,38339397915000.0,,,
2000-03-01,ICICI,EQ,169.8,165.0,183.4,164.0,183.4,182.8,176.37,2254365,39760319530000.0,,,
2000-03-02,ICICI,EQ,182.8,180.0,196.9,180.0,194.0,194.1,191.52,3142093,60177028875000.0,,,
2000-03-03,ICICI,EQ,194.1,194.0,196.0,178.6,195.95,193.25,186.53,2741101,51130271290000.0,,,
2000-03-06,ICICI,EQ,193.25,195.0,203.0,187.15,193.0,191.45,194.75,2193657,42721630030000.0,,,
2000-03-07,ICICI,EQ,191.45,185.3,185.3,176.15,176.15,176.15,176.75,527451,9322475610000.0,,,
2000-03-08,ICICI,EQ,176.15,172.0,184.4,162.1,168.8,166.55,174.16,2277912,39672204060000.0,,,
2000-03-09,ICICI,EQ,166.55,170.0,171.9,156.0,162.15,163.4,161.86,1000483,16194059435000.0,,,
2000-03-10,ICICI,EQ,163.4,165.0,166.8,151.75,153.0,153.95,157.32,753288,11850885535000.0,,,
2000-03-13,ICICI,EQ,153.95,154.8,156.0,141.65,143.0,142.6,144.2,827558,11933118800000.0,,,
2000-03-14,ICICI,EQ,142.6,138.0,147.95,131.2,141.0,142.05,139.34,1399417,19499120360000.0,,,
2000-03-15,ICICI,EQ,142.05,145.0,145.0,139.0,140.0,140.5,141.71,521953,7396423995000.0,,,
2000-03-16,ICICI,EQ,140.5,142.9,143.0,129.3,129.3,129.75,134.67,482112,6492607100000.0,,,
2000-03-21,ICICI,EQ,129.75,132.9,139.0,126.0,138.5,136.35,134.56,795544,10704839325000.0,,,
2000-03-22,ICICI,EQ,136.35,139.0,144.7,135.0,136.5,137.65,140.69,522676,7353577900000.0,,,
2000-03-23,ICICI,EQ,137.65,138.0,139.5,131.3,135.5,136.15,136.09,458551,6240588880000.0,,,
2000-03-24,ICICI,EQ,136.15,134.0,137.0,132.0,133.9,134.05,133.94,294442,3943642120000.0005,,,
2000-03-27,ICICI,EQ,134.05,136.0,144.4,133.5,142.65,143.1,139.75,792709,11078275560000.0,,,
2000-03-28,ICICI,EQ,143.1,144.4,146.25,137.25,139.1,140.05,140.65,516942,7270914005000.0,,,
2000-03-29,ICICI,EQ,140.05,144.0,146.7,138.65,140.2,139.35,143.6,768029,11029234335000.0,,,
2000-03-30,ICICI,EQ,139.35,140.8,141.9,132.9,140.0,139.9,137.09,406247,5569275975000.0,,,
2000-03-31,ICICI,EQ,139.9,135.0,137.95,133.0,136.0,134.95,135.32,446410,6040759380000.0,,,
2000-04-03,ICICI,EQ,134.95,138.0,138.55,133.05,134.8,134.7,135.66,364918,4950590650000.0,,,
2000-04-04,ICICI,EQ,134.7,128.05,128.1,123.95,123.95,124.2,124.17,708372,8795944320000.0,,,
2000-04-05,ICICI,EQ,124.2,123.0,126.0,116.1,122.0,121.5,121.53,867649,10544643210000.0,,,
2000-04-06,ICICI,EQ,121.5,126.0,129.95,116.5,124.1,124.4,122.85,682299,8381851805000.0,,,
2000-04-07,ICICI,EQ,124.4,125.5,134.35,125.5,134.35,134.35,133.64,436116,5828262775000.0,,,
2000-04-10,ICICI,EQ,134.35,145.0,145.1,142.0,145.1,145.05,144.72,564972,8176004230000.0,,,
2000-04-11,ICICI,EQ,145.05,142.35,146.9,133.5,140.2,140.6,140.13,702483,9844027325000.0,,,
2000-04-12,ICICI,EQ,140.6,141.0,144.0,137.05,137.5,137.35,138.14,232382,3210024950000.0,,,
2000-04-13,ICICI,EQ,137.35,131.3,134.9,128.0,133.05,133.0,131.68,311727,4104854670000.0005,,,
2000-04-17,ICICI,EQ,133.0,127.05,130.0,122.4,126.0,126.45,124.64,393628,4906007775000.0,,,
2000-04-18,ICICI,EQ,126.45,128.8,136.6,128.15,135.75,136.5,134.24,920033,12350797130000.0,,,
2000-04-19,ICICI,EQ,136.5,142.0,144.0,130.25,135.95,136.4,138.1,708241,9781012295000.0,,,
2000-04-20,ICICI,EQ,136.4,133.0,135.0,125.55,134.65,133.95,130.47,598902,7813648034999.999,,,
2000-04-24,ICICI,EQ,133.95,136.0,136.5,130.1,132.0,132.05,131.97,288992,3813921470000.0005,,,
2000-04-25,ICICI,EQ,132.05,130.5,130.5,122.55,130.0,128.25,125.78,731504,9201004280000.0,,,
2000-04-26,ICICI,EQ,128.25,134.8,137.5,131.6,135.9,136.15,134.77,612159,8250195880000.0,,,
2000-04-27,ICICI,EQ,136.15,134.5,137.0,128.7,131.2,131.15,131.6,346665,4562227620000.0,,,
2000-04-28,ICICI,EQ,131.15,134.8,134.9,129.2,133.3,133.2,132.35,312345,4133732960000.0,,,
2000-05-02,ICICI,EQ,133.2,130.0,133.5,117.55,120.8,120.9,123.69,654531,8095742575000.0,,,
2000-05-03,ICICI,EQ,120.9,114.0,123.5,114.0,122.2,121.9,119.59,494687,5915939215000.0,,,
2000-05-04,ICICI,EQ,121.9,122.5,127.4,120.0,125.5,125.65,123.43,713717,8809178615000.0,,,
2000-05-05,ICICI,EQ,125.65,125.5,133.5,125.0,132.0,132.2,130.53,513327,6700361570000.0,,,
2000-05-08,ICICI,EQ,132.2,138.5,138.5,124.0,125.95,125.15,125.99,459278,5786517110000.0,,,
2000-05-09,ICICI,EQ,125.15,122.65,123.5,119.6,122.25,121.75,121.12,619050,7497829050000.0,,,
2000-05-10,ICICI,EQ,121.75,125.0,125.0,121.0,122.5,122.4,122.15,184575,2254522885000.0,,,
2000-05-11,ICICI,EQ,122.4,120.25,120.25,113.0,116.75,116.05,116.43,320578,3732488585000.0,,,
2000-05-12,ICICI,EQ,116.05,116.5,117.9,102.15,102.15,102.2,106.65,707083,7540920720000.0,,,
2000-05-15,ICICI,EQ,102.2,94.5,103.75,91.0,101.25,101.75,98.6,374727,3694827604999.9995,,,
2000-05-16,ICICI,EQ,101.75,98.5,103.8,98.1,102.55,102.75,101.06,353609,3573508260000.0,,,
2000-05-17,ICICI,EQ,102.75,104.8,111.0,104.0,107.5,107.3,107.35,424262,4554260010000.0,,,
2000-05-18,ICICI,EQ,107.3,107.0,109.9,103.55,105.05,105.1,105.93,179818,1904899689999.9998,,,
2000-05-19,ICICI,EQ,105.1,103.3,113.55,103.3,108.25,110.85,109.24,321751,3514814565000.0,,,
2000-05-22,ICICI,EQ,110.85,106.5,110.0,104.55,107.95,107.7,107.31,236240,2535184170000.0,,,
2000-05-23,ICICI,EQ,107.7,107.0,108.0,104.3,107.55,106.9,105.83,234826,2485086330000.0,,,
2000-05-24,ICICI,EQ,106.9,106.1,108.0,104.6,107.85,107.8,106.62,224513,2393735845000.0,,,
2000-05-25,ICICI,EQ,107.8,111.0,120.75,109.0,120.0,119.0,117.78,582648,6862213759999.999,,,
2000-05-26,ICICI,EQ,119.0,120.75,128.3,117.05,126.85,125.65,124.17,591537,7345179255000.0,,,
2000-05-29,ICICI,EQ,125.65,126.0,135.7,123.0,133.6,134.55,132.45,695157,9207089260000.0,,,
2000-05-30,ICICI,EQ,134.55,134.7,134.7,125.0,132.95,133.35,130.57,549778,7178267680000.0,,,
2000-05-31,ICICI,EQ,133.35,135.9,139.6,132.0,135.2,135.65,135.88,569440,7737684740000.001,,,
2000-06-01,ICICI,EQ,135.65,135.1,135.1,130.5,132.9,132.85,132.55,195697,2594023575000.0,,,
2000-06-02,ICICI,EQ,132.85,134.9,138.0,131.35,134.25,134.35,133.93,434796,5823424500000.0,,,
2000-06-05,ICICI,EQ,134.35,136.0,137.7,129.0,129.7,130.1,132.44,430688,5703913980000.0,,,
2000-06-06,ICICI,EQ,130.1,129.0,129.95,125.25,129.0,127.65,127.06,467598,5941287890000.0,,,
2000-06-07,ICICI,EQ,127.65,130.0,130.0,125.25,127.1,127.1,126.51,248121,3138968775000.0,,,
2000-06-08,ICICI,EQ,127.1,127.0,129.25,125.1,128.5,128.45,127.17,209245,2660988580000.0,,,
2000-06-09,ICICI,EQ,128.45,126.1,134.9,126.1,129.75,129.4,131.52,4661829,61311991260000.0,,,
2000-06-12,ICICI,EQ,129.4,132.0,133.8,127.2,128.2,128.2,129.27,142112,1837027345000.0,,,
2000-06-13,ICICI,EQ,128.2,129.0,137.25,126.2,132.55,132.95,133.55,791652,10572204545000.0,,,
2000-06-14,ICICI,EQ,132.95,132.5,137.0,131.7,133.4,132.95,134.58,576621,7760371165000.001,,,
2000-06-15,ICICI,EQ,132.95,132.15,148.9,132.15,145.7,146.15,142.05,2298355,32648369189999.996,,,
2000-06-16,ICICI,EQ,146.15,147.5,157.85,145.4,153.0,153.3,151.98,1889331,28713905364999.996,,,
2000-06-19,ICICI,EQ,153.3,154.9,157.4,145.65,149.75,150.5,150.68,1150126,17330363925000.0,,,
2000-06-20,ICICI,EQ,150.5,152.0,152.0,140.1,145.4,141.2,145.37,1026249,14918478960000.0,,,
2000-06-21,ICICI,EQ,141.2,143.4,143.4,134.5,136.25,136.65,137.46,505455,6947749080000.0,,,
2000-06-22,ICICI,EQ,136.65,137.0,138.9,133.5,135.0,135.05,135.77,264675,3593482115000.0,,,
2000-06-23,ICICI,EQ,135.05,133.1,141.5,131.0,131.85,132.05,134.59,4689044,63108268860000.0,,,
2000-06-26,ICICI,EQ,132.05,131.0,133.9,128.5,131.25,131.35,131.99,327504,4322874670000.0005,,,
2000-06-27,ICICI,EQ,131.35,133.35,133.35,126.25,127.4,127.15,129.35,419547,5426847170000.0,,,
2000-06-28,ICICI,EQ,127.15,128.0,133.25,127.1,130.0,130.1,130.65,382358,4995354585000.0,,,
2000-06-29,ICICI,EQ,130.1,130.5,132.9,129.1,129.15,129.85,130.88,276646,3620684704999.9995,,,
2000-06-30,ICICI,EQ,129.85,128.85,130.3,124.5,125.45,125.1,127.01,379829,4824325725000.0,,,
2000-07-03,ICICI,EQ,125.1,126.35,131.0,125.1,126.9,126.9,127.89,436619,5584105740000.0,,,
2000-07-04,ICICI,EQ,126.9,128.0,133.9,127.0,132.2,132.75,130.37,521489,6798792900000.0,,,
2000-07-05,ICICI,EQ,132.75,135.0,151.4,134.9,149.6,148.75,143.5,1544673,22166657980000.0,,,
2000-07-06,ICICI,EQ,148.75,147.9,148.0,141.25,142.9,143.3,144.46,671657,9703021620000.0,,,
2000-07-07,ICICI,EQ,143.3,144.9,145.75,136.0,140.7,139.95,141.15,518673,7321002155000.0,,,
2000-07-10,ICICI,EQ,139.95,140.0,145.0,139.0,139.45,139.5,141.66,375659,5321601110000.0,,,
2000-07-11,ICICI,EQ,139.5,138.5,143.8,138.2,142.5,142.45,141.08,457178,6449697405000.0,,,
2000-07-12,ICICI,EQ,142.45,143.45,144.75,141.5,142.75,142.65,143.38,284162,4074200245000.0005,,,
2000-07-13,ICICI,EQ,142.65,143.4,144.75,140.15,141.0,140.9,142.66,172365,2458892750000.0,,,
2000-07-14,ICICI,EQ,140.9,140.5,142.0,137.5,138.15,138.25,139.35,158894,2214227110000.0,,,
2000-07-17,ICICI,EQ,138.25,135.05,137.4,132.8,133.0,133.05,134.62,199119,2680635010000.0,,,
2000-07-18,ICICI,EQ,133.05,132.95,134.75,131.55,133.1,132.8,132.67,212898,2824522175000.0,,,
2000-07-19,ICICI,EQ,132.8,134.1,139.5,133.0,134.8,135.1,136.04,465591,6333757830000.0,,,
2000-07-20,ICICI,EQ,135.1,134.7,136.5,134.05,136.5,135.9,135.15,167334,2261443925000.0,,,
2000-07-21,ICICI,EQ,135.9,137.35,137.35,125.05,128.9,128.5,131.06,428517,5616161310000.0,,,
2000-07-24,ICICI,EQ,128.5,126.15,127.5,118.5,119.0,119.3,121.53,299108,3635013465000.0,,,
2000-07-25,ICICI,EQ,119.3,117.5,125.0,110.15,123.5,122.9,120.92,349151,4221975020000.0005,,,
2000-07-26,ICICI,EQ,122.9,127.9,129.0,124.5,124.8,124.85,126.6,206292,2611696145000.0,,,
2000-07-27,ICICI,EQ,124.85,123.5,125.0,121.1,124.0,123.95,123.41,199361,2460241110000.0,,,
2000-07-28,ICICI,EQ,123.95,124.5,125.9,122.1,123.0,123.0,124.03,133355,1653960225000.0,,,
2000-07-31,ICICI,EQ,123.0,121.0,121.3,115.15,119.3,119.1,119.57,128621,1537886650000.0,,,
2000-08-01,ICICI,EQ,119.1,121.0,121.9,116.35,117.5,116.9,118.48,170041,2014584225000.0,,,
2000-08-02,ICICI,EQ,116.9,118.0,119.9,117.0,119.7,119.1,118.97,423199,5034636280000.0,,,
2000-08-03,ICICI,EQ,119.1,118.5,126.7,117.5,122.5,122.4,123.53,695616,8593198725000.0,,,
2000-08-04,ICICI,EQ,122.4,123.45,125.85,121.1,123.5,124.9,123.84,504510,6247780750000.0,,,
2000-08-07,ICICI,EQ,124.9,124.0,125.5,120.1,120.3,121.4,122.57,251581,3083674540000.0,,,
2000-08-08,ICICI,EQ,121.4,120.5,121.9,119.1,121.25,121.05,120.68,194867,2351588785000.0,,,
2000-08-09,ICICI,EQ,121.05,121.2,126.7,121.0,124.9,124.95,124.19,265306,3294716990000.0,,,
2000-08-10,ICICI,EQ,124.95,126.0,126.5,119.5,120.0,120.7,123.22,311641,3840060760000.0,,,
2000-08-11,ICICI,EQ,120.7,118.2,119.25,115.8,116.9,116.3,117.1,331636,3883494604999.9995,,,
2000-08-14,ICICI,EQ,116.3,116.5,117.0,113.6,113.9,114.0,114.52,353882,4052611170000.0005,,,
2000-08-16,ICICI,EQ,114.0,117.8,117.8,111.6,112.0,112.65,113.99,402677,4590004880000.0,,,
2000-08-17,ICICI,EQ,112.65,113.0,114.0,109.1,109.7,109.55,111.77,511017,5711578830000.0,,,
2000-08-18,ICICI,EQ,109.55,113.8,113.8,103.65,105.75,106.05,106.55,593245,6320949285000.0,,,
2000-08-21,ICICI,EQ,106.05,107.7,111.5,106.15,107.95,107.85,108.83,383884,4177741004999.9995,,,
2000-08-22,ICICI,EQ,107.85,109.45,111.0,104.25,105.0,104.85,105.89,519890,5505092265000.0,,,
2000-08-23,ICICI,EQ,104.85,107.0,113.25,106.5,107.3,107.2,109.59,1425660,15623174680000.002,,,
2000-08-24,ICICI,EQ,107.2,105.0,109.5,105.0,106.85,107.0,107.22,264734,2838610140000.0,,,
2000-08-25,ICICI,EQ,107.0,108.3,108.45,104.35,105.0,104.7,105.24,479310,5044467785000.0,,,
2000-08-28,ICICI,EQ,104.7,103.65,106.0,103.6,106.0,105.75,105.45,289466,3052326730000.0,,,
2000-08-29,ICICI,EQ,105.75,104.5,107.0,104.25,104.5,104.6,105.06,556152,5842929745000.0,,,
2000-08-30,ICICI,EQ,104.6,107.7,112.35,106.4,108.8,108.95,109.58,1021194,11190262100000.0,,,
2000-08-31,ICICI,EQ,108.95,109.4,110.0,107.65,108.5,108.4,108.62,261295,2838153565000.0,,,
2000-09-04,ICICI,EQ,108.4,109.9,114.95,108.15,114.5,114.15,112.12,1123303,12594156480000.0,,,
2000-09-05,ICICI,EQ,114.15,115.0,123.1,114.5,123.0,120.9,119.28,1688465,20139677240000.0,,,
2000-09-06,ICICI,EQ,120.9,129.7,129.7,121.6,122.5,122.65,124.39,1392526,17321898430000.002,,,
2000-09-07,ICICI,EQ,122.65,120.1,125.0,119.0,122.75,123.6,121.51,692785,8417738395000.0,,,
2000-09-08,ICICI,EQ,123.6,121.5,124.5,120.0,120.4,120.7,121.94,547620,6677414900000.0,,,
2000-09-11,ICICI,EQ,120.7,120.2,121.95,119.1,119.95,119.65,120.31,316562,3808445129999.9995,,,
2000-09-12,ICICI,EQ,119.65,120.0,120.0,115.0,115.2,115.2,116.1,604782,7021784500000.0,,,
2000-09-13,ICICI,EQ,115.2,117.4,121.25,116.55,117.9,117.25,118.42,817444,9680367295000.0,,,
2000-09-14,ICICI,EQ,117.25,118.0,119.0,114.6,115.75,115.2,115.24,927813,10691805540000.0,,,
2000-09-15,ICICI,EQ,115.2,115.8,116.5,110.4,111.0,111.3,112.78,363134,4095308825000.0,,,
2000-09-18,ICICI,EQ,111.3,106.0,109.75,105.2,106.3,106.25,107.35,311300,3341900200000.0,,,
2000-09-19,ICICI,EQ,106.25,104.6,109.35,103.2,107.8,106.9,106.49,590231,6285352165000.0,,,
2000-09-20,ICICI,EQ,106.9,109.8,109.8,106.5,109.0,108.75,107.94,338223,3650863490000.0,,,
2000-09-21,ICICI,EQ,108.75,109.0,110.4,106.5,107.9,107.75,108.14,318509,3444315575000.0,,,
2000-09-22,ICICI,EQ,107.75,106.5,107.1,100.1,101.6,102.3,103.69,420220,4357283240000.0,,,
2000-09-25,ICICI,EQ,102.3,104.0,105.85,102.05,104.95,104.8,104.03,193885,2016925264999.9998,,,
2000-09-26,ICICI,EQ,104.8,106.0,109.7,102.1,104.0,103.65,104.15,351530,3661017310000.0,,,
2000-09-27,ICICI,EQ,103.65,102.25,103.8,100.6,103.2,102.85,102.0,268417,2737880715000.0,,,
2000-09-28,ICICI,EQ,102.85,103.5,103.75,99.1,101.3,100.95,100.89,307922,3106549200000.0,,,
2000-09-29,ICICI,EQ,100.95,101.7,102.0,97.5,98.3,98.25,98.84,441344,4362388020000.0005,,,
2000-10-03,ICICI,EQ,98.25,97.0,98.0,91.0,93.55,92.35,93.77,427948,4013063760000.0,,,
2000-10-04,ICICI,EQ,92.35,92.5,93.3,90.0,90.6,90.35,91.39,534474,4884810695000.0,,,
2000-10-05,ICICI,EQ,90.35,90.5,93.45,89.1,90.6,90.55,91.34,709422,6480141350000.0,,,
2000-10-06,ICICI,EQ,90.55,89.15,89.15,77.5,83.0,82.65,81.95,2541097,20824921945000.0,,,
2000-10-09,ICICI,EQ,82.65,82.0,84.9,81.1,81.8,81.9,82.91,672414,5574663915000.0,,,
2000-10-10,ICICI,EQ,81.9,82.9,83.9,78.15,78.3,79.35,80.68,794573,6410430835000.0,,,
2000-10-11,ICICI,EQ,79.35,77.95,78.9,75.0,76.25,75.9,76.61,529518,4056730040000.0,,,
2000-10-12,ICICI,EQ,75.9,76.05,78.0,74.25,76.0,76.1,76.71,389463,2987621030000.0,,,
2000-10-13,ICICI,EQ,76.1,75.1,75.1,72.0,76.0,72.4,72.94,622568,4541166790000.0,,,
2000-10-16,ICICI,EQ,72.4,73.7,76.55,73.3,73.5,73.6,74.75,401670,3002545355000.0,,,
2000-10-17,ICICI,EQ,73.6,72.5,73.95,71.35,71.65,71.75,72.09,584282,4212304735000.0,,,
2000-10-18,ICICI,EQ,71.75,71.75,71.9,70.6,71.5,71.35,71.12,270674,1925046820000.0,,,
2000-10-19,ICICI,EQ,71.35,70.6,73.5,70.0,73.0,72.8,71.36,511755,3651641890000.0,,,
2000-10-20,ICICI,EQ,72.8,74.0,77.0,74.0,74.35,74.25,75.16,733852,5515654415000.0,,,
2000-10-23,ICICI,EQ,74.25,72.5,73.0,68.35,69.45,69.35,70.08,383834,2689832180000.0,,,
2000-10-24,ICICI,EQ,69.35,68.15,70.2,67.5,69.25,68.75,68.93,352714,2431413985000.0,,,
2000-10-25,ICICI,EQ,68.75,69.4,72.9,68.25,72.0,71.95,71.65,491172,3519257970000.0005,,,
2000-10-26,ICICI,EQ,71.95,73.5,74.9,72.0,74.5,74.4,73.74,246056,1814384625000.0,,,
2000-10-27,ICICI,EQ,74.4,74.55,76.95,72.85,74.0,73.95,73.92,197607,1460788980000.0,,,
2000-10-30,ICICI,EQ,73.95,75.15,77.9,74.2,75.75,76.05,76.47,335001,2561826980000.0,,,
2000-10-31,ICICI,EQ,76.05,75.5,75.9,73.8,74.15,74.35,74.55,282147,2103293980000.0,,,
2000-11-01,ICICI,EQ,74.35,76.0,80.3,75.0,79.5,79.75,78.07,835126,6519567555000.0,,,
2000-11-02,ICICI,EQ,79.75,79.45,82.75,77.6,81.9,82.0,81.2,861021,6991303895000.0,,,
2000-11-03,ICICI,EQ,82.0,82.8,84.5,81.5,83.25,83.0,82.96,677928,5624278040000.0,,,
2000-11-06,ICICI,EQ,83.0,83.0,85.0,82.15,83.5,83.4,84.04,587824,4940297875000.0,,,
2000-11-07,ICICI,EQ,83.4,83.1,84.55,82.05,83.5,83.75,83.34,383307,3194361880000.0,,,
2000-11-08,ICICI,EQ,83.75,83.95,87.5,83.8,85.5,85.5,85.83,641148,5502973390000.0,,,
2000-11-09,ICICI,EQ,85.5,85.0,87.85,84.0,85.8,85.75,86.08,626499,5393047500000.0,,,
2000-11-10,ICICI,EQ,85.75,85.45,85.45,81.6,82.05,81.8,83.02,346263,2874595815000.0,,,
2000-11-13,ICICI,EQ,81.8,80.1,88.0,76.5,81.5,81.5,81.63,552469,4509863790000.0,,,
2000-11-14,ICICI,EQ,81.5,81.0,83.75,81.0,82.65,82.9,82.88,345406,2862628540000.0,,,
2000-11-15,ICICI,EQ,82.9,84.5,87.45,84.0,85.2,85.1,85.59,599689,5132851450000.0,,,
2000-11-16,ICICI,EQ,85.1,86.0,89.0,85.5,86.45,86.1,87.4,817845,7148110959999.999,,,
2000-11-17,ICICI,EQ,86.1,86.5,86.65,84.25,85.3,85.3,85.32,236379,2016679870000.0,,,
2000-11-20,ICICI,EQ,85.3,85.45,86.3,84.0,84.35,84.15,84.97,202487,1720534739999.9998,,,
2000-11-21,ICICI,EQ,84.15,84.1,85.85,83.55,83.55,84.0,84.72,384150,3254462515000.0,,,
2000-11-22,ICICI,EQ,84.0,85.0,85.7,82.9,83.0,83.05,83.9,252602,2119335439999.9998,,,
2000-11-23,ICICI,EQ,83.05,82.5,82.95,81.3,82.5,82.4,82.31,125830,1035761510000.0,,,
2000-11-24,ICICI,EQ,82.4,82.5,83.25,81.7,82.75,82.2,82.36,221973,1828192935000.0002,,,
2000-11-27,ICICI,EQ,82.2,82.95,86.1,82.75,85.5,85.45,84.72,457789,3878434404999.9995,,,
2000-11-28,ICICI,EQ,85.45,86.0,89.0,85.5,86.9,87.05,87.5,605460,5297821905000.0,,,
2000-11-29,ICICI,EQ,87.05,86.95,90.4,86.5,87.2,87.6,88.23,824664,7276400450000.0,,,
2000-11-30,ICICI,EQ,87.6,88.4,88.85,86.05,87.05,87.45,87.23,422503,3685688800000.0,,,
2000-12-01,ICICI,EQ,87.45,86.05,89.9,85.85,89.3,89.1,88.57,976647,8650125790000.001,,,
2000-12-04,ICICI,EQ,89.1,89.9,95.0,89.9,92.9,92.7,93.08,1863828,17348240855000.002,,,
2000-12-05,ICICI,EQ,92.7,94.3,96.25,93.0,94.6,94.9,94.76,1021469,9679787840000.0,,,
2000-12-06,ICICI,EQ,94.9,98.7,98.7,95.1,95.45,95.55,96.64,1339972,12949109735000.0,,,
2000-12-07,ICICI,EQ,95.55,95.5,97.1,94.75,95.0,95.1,95.99,488053,4684705850000.0,,,
2000-12-08,ICICI,EQ,95.1,95.8,98.65,92.0,97.75,97.75,97.22,1905739,18527810835000.0,,,
2000-12-11,ICICI,EQ,97.75,98.5,100.45,98.15,99.0,98.7,99.24,1470305,14591981735000.0,,,
2000-12-12,ICICI,EQ,98.7,99.0,99.1,94.5,95.0,95.3,96.26,879873,8469453155000.0,,,
2000-12-13,ICICI,EQ,95.3,96.3,97.25,95.8,96.5,96.25,96.64,499379,4825919435000.0,,,
2000-12-14,ICICI,EQ,96.25,96.7,100.95,95.6,99.25,100.1,99.15,2281816,22624873185000.0,,,
2000-12-15,ICICI,EQ,100.1,100.8,101.9,94.8,95.0,95.5,98.65,1299585,12820629480000.0,,,
2000-12-18,ICICI,EQ,95.5,94.0,96.0,93.2,95.8,95.55,94.49,489371,4624275175000.0,,,
2000-12-19,ICICI,EQ,95.55,96.45,103.2,96.0,103.2,101.85,99.32,1661608,16502805060000.0,,,
2000-12-20,ICICI,EQ,101.85,104.0,104.0,99.05,99.35,100.2,101.87,1153792,11753290890000.0,,,
2000-12-21,ICICI,EQ,100.2,98.05,98.9,95.6,96.8,96.15,97.14,561312,5452686680000.0,,,
2000-12-22,ICICI,EQ,96.15,96.0,99.5,88.8,89.0,90.0,95.0,1107633,10522796330000.0,,,
2000-12-26,ICICI,EQ,90.0,90.9,92.95,84.55,85.3,85.4,86.86,854880,7425835740000.001,,,
2000-12-27,ICICI,EQ,85.4,85.6,88.55,85.0,87.65,87.5,87.67,430950,3778190365000.0,,,
2000-12-28,ICICI,EQ,87.5,88.9,91.85,88.0,91.35,90.55,89.64,333395,2988499580000.0,,,
2000-12-29,ICICI,EQ,90.55,92.0,94.35,90.5,94.25,93.8,92.72,697509,6467160585000.0,,,
2001-01-01,ICICI,EQ,93.8,94.0,96.45,94.0,94.4,94.5,95.01,509015,4836135455000.0,,,
2001-01-02,ICICI,EQ,94.5,94.1,95.5,92.5,95.3,94.75,94.05,545057,5126497695000.0,,,
2001-01-03,ICICI,EQ,94.75,92.5,100.9,92.5,100.25,99.55,97.92,1054923,10329970560000.0,,,
2001-01-04,ICICI,EQ,99.55,101.0,106.0,97.5,98.25,98.55,101.37,1195810,12121456095000.0,,,
2001-01-05,ICICI,EQ,98.55,99.1,99.85,97.05,98.55,98.75,98.73,587445,5799818315000.0,,,
2001-01-08,ICICI,EQ,98.75,97.1,99.1,95.65,96.3,96.5,97.32,397254,3865907390000.0,,,
2001-01-09,ICICI,EQ,96.5,96.0,97.4,94.75,95.35,95.25,95.65,557993,5337201985000.0,,,
2001-01-10,ICICI,EQ,95.25,96.9,96.9,94.0,94.55,94.3,95.21,396412,3774295740000.0,,,
2001-01-11,ICICI,EQ,94.3,94.95,94.95,91.1,91.8,91.6,93.01,324961,3022369700000.0,,,
2001-01-12,ICICI,EQ,91.6,92.5,93.8,90.6,91.85,91.75,92.19,510452,4705836315000.0,,,
2001-01-15,ICICI,EQ,91.75,91.4,92.05,88.55,89.75,89.65,90.04,228867,2060680435000.0002,,,
2001-01-16,ICICI,EQ,89.65,89.2,91.45,89.2,90.2,89.55,90.31,523208,4725234575000.0,,,
2001-01-17,ICICI,EQ,89.55,91.6,93.4,90.75,91.85,91.75,92.05,496079,4566562690000.0,,,
2001-01-18,ICICI,EQ,91.75,91.65,92.15,90.4,91.85,91.2,91.16,225706,2057514835000.0002,,,
2001-01-19,ICICI,EQ,91.2,92.5,92.8,90.5,91.4,91.3,91.34,415724,3797300354999.9995,,,
2001-01-22,ICICI,EQ,91.3,91.0,92.5,91.0,92.5,92.15,91.93,355009,3263438770000.0,,,
2001-01-23,ICICI,EQ,92.15,92.9,96.4,92.9,93.6,93.65,94.51,828205,7827019775000.0,,,
2001-01-24,ICICI,EQ,93.65,96.0,100.0,95.0,96.15,95.65,95.91,944687,9060628210000.0,,,
2001-01-25,ICICI,EQ,95.65,96.7,96.7,93.3,95.0,94.55,94.28,847707,7991989900000.0,,,
2001-01-29,ICICI,EQ,94.55,93.3,93.3,89.0,89.4,89.65,90.4,709942,6417869050000.0,,,
2001-01-30,ICICI,EQ,89.65,89.3,91.35,89.3,91.05,91.0,90.55,781054,7072583055000.0,,,
2001-01-31,ICICI,EQ,91.0,94.0,94.0,91.75,93.15,92.95,92.91,725448,6739914875000.0,,,
2001-02-01,ICICI,EQ,92.95,93.4,93.4,91.75,92.5,93.0,92.56,681577,6308419180000.0,,,
2001-02-02,ICICI,EQ,93.0,92.1,96.95,92.1,94.9,94.75,95.17,1022810,9734391380000.0,,,
2001-02-05,ICICI,EQ,94.75,95.0,99.0,94.85,96.15,95.95,97.04,1034648,10040107530000.0,,,
2001-02-06,ICICI,EQ,95.95,97.75,100.4,97.05,99.85,99.65,99.28,1320042,13104977095000.0,,,
2001-02-07,ICICI,EQ,99.65,101.5,103.5,96.75,96.75,97.65,99.31,1256659,12479515330000.0,,,
2001-02-08,ICICI,EQ,97.65,98.9,99.0,95.2,98.0,98.25,97.88,618339,6052399980000.0,,,
2001-02-09,ICICI,EQ,98.25,98.7,113.5,98.5,112.75,111.5,108.53,5533804,60059473779999.99,,,
2001-02-12,ICICI,EQ,111.5,113.0,115.0,106.1,108.1,108.2,111.19,2059292,22896271620000.0,,,
2001-02-13,ICICI,EQ,108.2,107.1,108.75,103.7,104.7,105.05,105.62,1290114,13625690430000.002,,,
2001-02-14,ICICI,EQ,105.05,104.5,105.1,99.8,102.5,102.45,101.98,1054319,10751889395000.0,,,
2001-02-15,ICICI,EQ,102.45,102.95,106.7,102.75,104.5,103.95,104.87,1140043,11955512715000.0,,,
2001-02-16,ICICI,EQ,103.95,105.0,107.0,97.35,98.25,98.85,102.88,2048867,21079330885000.0,,,
2001-02-19,ICICI,EQ,98.85,99.0,101.2,96.75,99.35,99.4,99.43,946668,9412342995000.0,,,
2001-02-20,ICICI,EQ,99.4,99.8,100.6,97.6,98.0,98.1,99.14,1208229,11978175810000.0,,,
2001-02-21,ICICI,EQ,98.1,99.0,102.25,98.3,100.0,99.9,100.3,1241567,12453192080000.0,,,
2001-02-22,ICICI,EQ,99.9,99.9,100.9,94.05,96.9,96.55,97.26,977305,9505285600000.0,,,
2001-02-23,ICICI,EQ,96.55,96.25,96.9,89.25,89.6,90.7,92.6,1253071,11603768700000.0,,,
2001-02-26,ICICI,EQ,90.7,90.0,95.4,86.2,93.8,94.35,91.82,1053518,9673044440000.0,,,
2001-02-27,ICICI,EQ,94.35,95.4,99.7,93.05,94.4,93.95,95.76,1334927,12782696385000.0,,,
2001-02-28,ICICI,EQ,93.95,96.5,109.0,95.0,109.0,107.05,101.62,2670236,27135948930000.0,,,
2001-03-01,ICICI,EQ,107.05,109.5,113.0,100.9,104.0,103.0,107.3,1700188,18242822785000.0,,,
2001-03-02,ICICI,EQ,103.0,106.0,111.0,97.5,100.3,99.25,104.67,1357774,14212305705000.002,,,
2001-03-05,ICICI,EQ,99.25,97.2,102.5,97.0,99.95,98.35,99.46,1301301,12942385130000.0,,,
2001-03-07,ICICI,EQ,98.35,101.95,102.8,98.2,100.25,99.75,99.99,524585,5245354380000.0,,,
2001-03-08,ICICI,EQ,99.75,100.25,100.7,97.1,97.25,97.85,99.11,394109,3905871054999.9995,,,
2001-03-09,ICICI,EQ,97.85,96.0,98.25,89.6,95.5,96.6,92.8,891286,8271378355000.0,,,
2001-03-12,ICICI,EQ,96.6,94.25,95.5,91.05,92.55,91.8,93.25,338184,3153405680000.0,,,
2001-03-13,ICICI,EQ,91.8,90.1,91.25,84.65,87.0,86.45,87.93,509065,4476302300000.0,,,
2001-03-14,ICICI,EQ,86.45,85.0,92.5,83.25,91.55,91.25,89.44,312625,2796002820000.0,,,
2001-03-15,ICICI,EQ,91.25,89.05,96.45,88.0,94.6,94.8,93.56,620816,5808313625000.0,,,
2001-03-16,ICICI,EQ,94.8,92.7,95.35,89.0,90.55,90.35,91.85,351235,3226139530000.0,,,
2001-03-19,ICICI,EQ,90.35,89.5,92.8,89.5,91.5,91.4,91.15,166384,1516544365000.0,,,
2001-03-20,ICICI,EQ,91.4,91.2,92.0,87.65,88.05,88.3,88.91,262093,2330235880000.0,,,
2001-03-21,ICICI,EQ,88.3,88.0,89.8,84.7,86.5,85.9,85.76,330468,2834223940000.0,,,
2001-03-22,ICICI,EQ,85.9,85.95,88.0,84.55,87.0,86.95,86.61,328600,2845848885000.0,,,
2001-03-23,ICICI,EQ,86.95,87.2,88.0,84.0,84.05,84.7,85.38,278814,2380594525000.0,,,
2001-03-26,ICICI,EQ,84.7,83.25,85.4,83.25,84.75,84.6,84.56,113956,963633735000.0,,,
2001-03-27,ICICI,EQ,84.6,84.5,87.85,84.5,87.3,86.85,86.12,276829,2384188050000.0,,,
2001-03-28,ICICI,EQ,86.85,90.0,90.0,88.0,89.35,89.1,89.29,154504,1379504490000.0,,,
2001-03-29,ICICI,EQ,89.1,87.35,95.25,87.35,94.5,93.75,91.92,418118,3843183800000.0,,,
2001-03-30,ICICI,EQ,93.75,94.25,94.25,88.0,88.5,88.25,89.6,257648,2308580960000.0,,,
2001-04-02,ICICI,EQ,88.25,87.1,87.1,83.55,85.6,85.5,84.84,183112,1553576240000.0,,,
2001-04-03,ICICI,EQ,85.5,85.1,87.0,85.05,86.55,86.15,86.06,168721,1452093665000.0,,,
2001-04-04,ICICI,EQ,86.15,85.0,86.95,84.55,84.9,85.15,85.25,126103,1075078410000.0,,,
2001-04-06,ICICI,EQ,85.15,87.0,89.75,84.35,84.85,84.75,85.87,136666,1173567650000.0,,,
2001-04-09,ICICI,EQ,84.75,83.5,85.4,83.5,85.0,85.15,84.85,61739,523858350000.0,,,
2001-04-10,ICICI,EQ,85.15,84.5,84.9,80.5,81.1,81.0,82.26,153999,1266771475000.0,,,
2001-04-11,ICICI,EQ,81.0,83.7,83.7,78.95,79.5,79.45,80.28,197047,1581810340000.0,,,
2001-04-12,ICICI,EQ,79.45,77.15,81.5,73.1,77.0,77.15,76.59,202357,1549932255000.0,,,
2001-04-16,ICICI,EQ,77.15,78.0,85.0,78.0,85.0,84.25,81.37,211927,1724534964999.9998,,,
2001-04-17,ICICI,EQ,84.25,86.5,89.0,83.25,88.75,87.75,87.22,303277,2645180130000.0,,,
2001-04-18,ICICI,EQ,87.75,90.0,90.0,87.0,87.75,87.6,87.95,172527,1517435700000.0,,,
2001-04-19,ICICI,EQ,87.6,88.5,92.0,87.0,87.65,87.6,89.37,193869,1732648410000.0002,,,
2001-04-20,ICICI,EQ,87.6,88.9,88.9,81.0,85.5,85.25,85.62,121395,1039342719999.9999,,,
2001-04-23,ICICI,EQ,85.25,85.0,92.1,84.0,87.45,87.55,88.79,200170,1777230839999.9998,,,
2001-04-24,ICICI,EQ,87.55,86.1,87.95,85.1,86.2,86.55,86.17,155998,1344298555000.0,,,
2001-04-25,ICICI,EQ,86.55,85.0,87.0,84.55,86.0,85.9,86.02,112556,968211125000.0,,,
2001-04-26,ICICI,EQ,85.9,86.9,87.3,85.75,86.0,86.0,86.35,101843,879397650000.0,,,
2001-04-27,ICICI,EQ,86.0,85.0,85.0,80.05,82.75,82.9,82.68,166836,1379423080000.0,,,
2001-04-30,ICICI,EQ,82.9,80.75,84.4,80.1,82.4,82.9,82.97,147376,1222760250000.0,,,
2001-05-02,ICICI,EQ,82.9,85.85,85.9,81.5,83.65,83.65,83.57,124815,1043025365000.0,,,
2001-05-03,ICICI,EQ,83.65,83.25,83.4,81.5,82.0,82.0,82.22,76185,626429920000.0,,,
2001-05-04,ICICI,EQ,82.0,80.05,88.6,76.0,87.05,87.25,85.71,992295,8504584334999.999,,,
2001-05-07,ICICI,EQ,87.25,89.5,90.05,87.4,88.0,88.05,88.57,191928,1699854964999.9998,,,
2001-05-08,ICICI,EQ,88.05,88.45,88.95,87.8,88.75,88.55,88.38,219024,1935728470000.0,,,
2001-05-09,ICICI,EQ,88.55,88.0,88.6,84.0,84.6,84.3,85.99,156060,1341902720000.0,,,
2001-05-10,ICICI,EQ,84.3,84.0,85.9,83.15,85.25,85.15,85.24,122332,1042707150000.0,,,
2001-05-11,ICICI,EQ,85.15,85.3,85.3,84.05,84.55,84.3,84.53,66967,566093770000.0,,,
2001-05-14,ICICI,EQ,84.3,84.9,85.2,84.0,85.0,84.55,84.57,72265,611152155000.0,,,
2001-05-15,ICICI,EQ,84.55,83.0,91.35,80.1,88.0,88.95,87.33,369281,3224767280000.0,,,
2001-05-16,ICICI,EQ,88.95,89.9,89.9,86.05,86.6,86.45,87.23,211883,1848244920000.0,,,
2001-05-17,ICICI,EQ,86.45,87.9,90.6,87.25,88.0,88.55,88.8,804169,7141413295000.0,,,
2001-05-18,ICICI,EQ,88.55,88.9,90.4,87.65,90.1,89.4,89.36,606574,5420527720000.0,,,
2001-05-21,ICICI,EQ,89.4,88.1,92.15,88.1,89.45,89.65,90.19,732027,6602131610000.0,,,
2001-05-22,ICICI,EQ,89.65,90.0,90.0,88.25,89.75,89.45,89.08,791639,7052280905000.0,,,
2001-05-23,ICICI,EQ,89.45,84.75,84.75,83.4,84.3,84.25,83.92,422999,3549661440000.0,,,
2001-05-24,ICICI,EQ,84.25,84.0,85.5,83.5,84.7,84.4,84.87,247817,2103170680000.0,,,
2001-05-25,ICICI,EQ,84.4,84.8,84.9,83.1,83.75,83.6,83.83,177242,1485746265000.0,,,
2001-05-28,ICICI,EQ,83.6,84.15,84.9,83.25,83.6,83.85,84.03,173627,1458994760000.0,,,
2001-05-29,ICICI,EQ,83.85,84.1,84.15,83.0,83.15,83.2,83.46,152899,1276116910000.0,,,
2001-05-30,ICICI,EQ,83.2,83.65,83.9,82.5,82.6,82.8,83.13,126562,1052107700000.0,,,
2001-05-31,ICICI,EQ,82.8,82.5,83.35,80.05,81.8,81.5,81.16,245858,1995489610000.0002,,,
2001-06-01,ICICI,EQ,81.5,81.95,81.95,80.05,80.8,80.25,80.88,146380,1183878190000.0,,,
2001-06-04,ICICI,EQ,80.25,81.0,81.25,78.8,79.0,79.05,80.03,181109,1449395310000.0,,,
2001-06-05,ICICI,EQ,79.05,78.4,79.4,76.2,76.3,76.6,77.66,322219,2502495570000.0,,,
2001-06-06,ICICI,EQ,76.6,78.0,78.95,77.05,77.65,77.6,78.21,170111,1330418530000.0,,,
2001-06-07,ICICI,EQ,77.6,78.3,78.75,77.0,77.8,77.5,77.78,149257,1160978555000.0,,,
2001-06-08,ICICI,EQ,77.5,78.7,81.0,78.5,79.1,78.95,79.78,439798,3508901045000.0005,,,
2001-06-11,ICICI,EQ,78.95,79.85,79.85,78.2,78.6,78.5,78.78,109021,858853190000.0,,,
2001-06-12,ICICI,EQ,78.5,78.15,78.45,75.6,76.1,76.25,76.53,257898,1973609570000.0,,,
2001-06-13,ICICI,EQ,76.25,77.1,77.25,75.85,76.25,76.25,76.44,188646,1441927095000.0,,,
2001-06-14,ICICI,EQ,76.25,76.0,76.2,75.0,75.05,75.15,75.48,102017,770011310000.0,,,
2001-06-15,ICICI,EQ,75.15,75.0,75.0,70.75,72.0,71.9,71.97,309353,2226379470000.0,,,
2001-06-18,ICICI,EQ,71.9,70.75,72.5,70.75,72.3,72.2,71.75,144784,1038791175000.0,,,
2001-06-19,ICICI,EQ,72.2,71.65,72.3,70.15,70.35,70.6,71.03,211783,1504367595000.0,,,
2001-06-20,ICICI,EQ,70.6,71.1,71.1,69.5,70.25,70.1,70.26,127710,897255315000.0,,,
2001-06-21,ICICI,EQ,70.1,70.45,70.45,69.45,70.1,70.05,69.91,82741,578403225000.0,,,
2001-06-22,ICICI,EQ,70.05,70.1,70.1,67.4,69.8,69.2,68.96,153276,1056916510000.0,,,
2001-06-25,ICICI,EQ,69.2,67.8,71.5,67.8,70.05,70.35,70.22,143811,1009847169999.9999,,,
2001-06-26,ICICI,EQ,70.35,70.9,76.95,70.1,75.2,75.5,74.46,707688,5269748855000.0,,,
2001-06-27,ICICI,EQ,75.5,76.3,78.8,75.35,77.35,77.2,77.08,371425,2863046010000.0,,,
2001-06-28,ICICI,EQ,77.2,76.5,76.9,72.5,73.3,73.35,73.94,107281,793270255000.0,,,
2001-06-29,ICICI,EQ,73.35,73.8,73.8,70.2,73.3,71.65,71.47,159163,1137605660000.0,,,
2001-07-02,ICICI,EQ,71.65,72.8,74.0,70.25,71.55,71.15,72.36,33560,242853365000.0,,,
2001-07-03,ICICI,EQ,71.15,73.0,75.0,71.0,72.0,71.5,72.73,98226,714357190000.0,,,
2001-07-04,ICICI,EQ,71.5,73.0,73.4,69.0,70.9,70.05,70.61,82336,581405765000.0,,,
2001-07-05,ICICI,EQ,70.05,72.8,73.0,69.6,69.7,70.2,71.45,64752,462649675000.0,,,
2001-07-06,ICICI,EQ,70.2,71.8,72.0,67.85,68.5,68.25,69.1,71947,497142845000.0,,,
2001-07-09,ICICI,EQ,68.25,69.95,69.95,67.0,67.0,67.15,67.89,49995,339393870000.0,,,
2001-07-10,ICICI,EQ,67.15,66.0,68.7,66.0,67.4,67.1,67.76,74012,501493530000.0,,,
2001-07-11,ICICI,EQ,67.1,67.5,68.25,67.05,67.05,67.3,67.71,52067,352562135000.0,,,
2001-07-12,ICICI,EQ,67.3,68.3,69.8,67.8,69.3,69.05,68.57,107180,734961170000.0,,,
2001-07-13,ICICI,EQ,69.05,71.0,71.0,67.0,68.75,68.4,69.59,246499,1715338895000.0,,,
2001-07-16,ICICI,EQ,68.4,62.4,69.8,62.4,68.9,68.75,68.87,32787,225818179999.99997,,,
2001-07-17,ICICI,EQ,68.75,69.7,75.0,67.6,68.15,67.95,68.98,35021,241587325000.0,,,
2001-07-18,ICICI,EQ,67.95,69.5,69.65,68.05,68.05,68.2,68.84,53008,364893795000.0,,,
2001-07-19,ICICI,EQ,68.2,69.15,69.2,67.0,68.25,67.95,67.91,51437,349322975000.0,,,
2001-07-20,ICICI,EQ,67.95,69.0,69.5,67.0,67.1,67.2,67.46,66993,451966805000.0,,,
2001-07-23,ICICI,EQ,67.2,68.0,68.45,67.0,68.0,67.5,67.56,3623,24477045000.0,,,
2001-07-24,ICICI,EQ,67.5,67.15,67.5,65.15,65.4,65.55,65.76,66205,435394895000.0,,,
2001-07-25,ICICI,EQ,65.55,66.0,66.0,58.0,58.0,59.15,61.68,128962,795448865000.0,,,
2001-07-26,ICICI,EQ,59.15,60.0,65.0,56.0,60.5,60.0,60.87,268390,1633697330000.0,,,
2001-07-27,ICICI,EQ,60.0,60.4,68.0,60.4,61.5,61.25,62.16,184166,1144706345000.0,,,
2001-07-30,ICICI,EQ,61.25,65.0,66.0,61.0,61.25,61.25,62.57,78130,488872830000.0,,,
2001-07-31,ICICI,EQ,61.25,61.85,62.8,59.35,60.0,60.0,60.71,83870,509139630000.0,,,
2001-08-01,ICICI,EQ,60.0,59.1,60.3,57.8,59.9,59.7,59.07,81349,480489930000.0,,,
2001-08-02,ICICI,EQ,59.7,60.7,60.7,59.0,59.4,59.3,59.41,75819,450423495000.0,,,
2001-08-03,ICICI,EQ,59.3,59.75,59.95,58.05,58.75,58.65,59.0,83438,492283420000.0,,,
2001-08-06,ICICI,EQ,58.65,59.9,59.9,55.0,55.3,55.2,56.26,184637,1038710690000.0,,,
2001-08-07,ICICI,EQ,55.2,56.0,56.9,55.0,55.6,55.75,56.1,95899,538032590000.00006,,,
2001-08-08,ICICI,EQ,55.75,54.0,55.75,53.5,54.85,54.95,55.04,116339,640292790000.0,,,
2001-08-09,ICICI,EQ,54.95,55.0,55.0,50.85,51.35,51.45,53.05,164086,870448294999.9999,,,
2001-08-10,ICICI,EQ,51.45,53.0,53.3,52.0,52.7,52.35,52.5,168240,883318930000.0001,,,
2001-08-13,ICICI,EQ,52.35,53.05,53.75,51.75,52.5,52.65,52.54,161934,850753090000.0,,,
2001-08-14,ICICI,EQ,52.65,53.05,54.5,52.6,54.5,54.15,53.4,151014,806458770000.0,,,
2001-08-16,ICICI,EQ,54.15,55.25,56.0,54.8,55.0,55.05,55.38,120151,665337740000.0,,,
2001-08-17,ICICI,EQ,55.05,55.85,56.8,55.55,56.3,56.55,56.45,213451,1204895935000.0,,,
2001-08-20,ICICI,EQ,56.55,55.5,56.85,55.25,55.85,55.65,55.8,121471,677765945000.0,,,
2001-08-21,ICICI,EQ,55.65,57.0,57.0,54.2,54.4,54.45,54.56,700185,3819907600000.0,,,
2001-08-23,ICICI,EQ,54.45,54.4,56.0,53.0,54.0,54.4,54.86,86879,476622430000.0,,,
2001-08-24,ICICI,EQ,54.4,55.9,55.9,54.0,54.25,54.25,54.45,50760,276413045000.0,,,
2001-08-27,ICICI,EQ,54.25,54.0,55.6,54.0,54.0,54.05,54.44,72258,393385640000.0,,,
2001-08-28,ICICI,EQ,54.05,54.5,54.55,52.25,52.9,53.0,53.37,126315,674182245000.0,,,
2001-08-29,ICICI,EQ,53.0,52.75,53.25,52.0,52.55,52.85,52.61,96441,507385009999.99994,,,
2001-08-30,ICICI,EQ,52.85,52.9,54.95,51.35,51.5,52.15,53.32,211923,1130058940000.0,,,
2001-08-31,ICICI,EQ,52.15,51.6,53.5,51.5,53.4,53.1,52.44,128476,673753590000.0,,,
2001-09-03,ICICI,EQ,53.1,52.55,53.85,52.5,52.55,52.7,52.85,69033,364809435000.0,,,
2001-09-04,ICICI,EQ,52.7,53.25,54.5,52.7,53.3,53.25,53.38,114479,611063395000.0,,,
2001-09-05,ICICI,EQ,53.25,53.9,54.0,52.0,52.2,52.2,52.57,59557,313107065000.0,,,
2001-09-06,ICICI,EQ,52.2,52.0,52.95,51.9,52.5,52.4,52.32,73504,384536485000.0,,,
2001-09-07,ICICI,EQ,52.4,52.0,53.0,51.55,52.55,52.65,52.62,50467,265578200000.0,,,
2001-09-10,ICICI,EQ,52.65,52.5,52.8,52.0,52.4,52.4,52.31,25591,133875000000.0,,,
2001-09-11,ICICI,EQ,52.4,52.1,52.9,52.05,52.9,52.7,52.57,44602,234451645000.00003,,,
2001-09-12,ICICI,EQ,52.7,49.0,52.0,48.55,49.05,49.25,50.14,140063,702269435000.0,,,
2001-09-13,ICICI,EQ,49.25,49.1,50.3,46.25,49.5,49.8,49.32,69358,342096610000.0,,,
2001-09-14,ICICI,EQ,49.8,49.9,50.4,46.0,46.7,46.2,48.3,213051,1028997855000.0001,,,
2001-09-17,ICICI,EQ,46.2,43.1,46.0,42.1,43.8,44.2,44.49,161143,716929885000.0,,,
2001-09-18,ICICI,EQ,44.2,45.9,45.9,40.5,41.4,41.8,42.27,386927,1635554390000.0,,,
2001-09-19,ICICI,EQ,41.8,42.2,43.8,41.4,42.3,42.15,42.64,253448,1080743965000.0,,,
2001-09-20,ICICI,EQ,42.15,43.35,46.25,40.9,46.25,43.75,42.49,180054,764978345000.0,,,
2001-09-21,ICICI,EQ,43.75,42.15,48.15,42.0,46.55,47.65,45.89,366597,1682414055000.0,,,
2001-09-24,ICICI,EQ,47.65,47.0,52.45,46.55,52.45,52.45,49.54,250346,1240135260000.0,,,
2001-09-25,ICICI,EQ,52.45,56.0,56.0,47.2,47.2,47.2,51.02,249011,1270329875000.0,,,
2001-09-26,ICICI,EQ,47.2,47.5,49.8,43.15,44.3,44.1,44.79,242327,1085391319999.9999,,,
2001-09-27,ICICI,EQ,44.1,46.5,47.8,45.0,46.4,46.6,46.31,240475,1113664335000.0,,,
2001-09-28,ICICI,EQ,46.6,47.8,48.8,46.8,47.25,47.05,47.44,121113,574568850000.0,,,
2001-10-01,ICICI,EQ,47.05,48.4,48.95,47.05,47.4,47.25,47.98,101577,487411670000.0,,,
2001-10-03,ICICI,EQ,47.25,48.9,48.9,47.05,48.4,48.4,48.11,54841,263848445000.00003,,,
2001-10-04,ICICI,EQ,48.4,48.7,50.8,48.35,49.6,49.65,49.42,90927,449372440000.00006,,,
2001-10-05,ICICI,EQ,49.65,49.0,50.05,47.85,48.1,48.1,48.42,109227,528896280000.0,,,
2001-10-08,ICICI,EQ,48.1,48.0,48.9,45.0,48.75,48.5,47.58,84923,404030085000.0,,,
2001-10-09,ICICI,EQ,48.5,47.35,48.6,47.3,47.65,47.7,47.91,40446,193767735000.0,,,
2001-10-10,ICICI,EQ,47.7,48.35,48.5,47.25,47.8,47.6,47.73,104017,496513684999.99994,,,
2001-10-11,ICICI,EQ,47.6,48.3,49.6,46.8,47.0,47.0,48.2,147580,711308225000.0,,,
2001-10-12,ICICI,EQ,47.0,48.1,48.1,44.95,44.95,45.35,46.32,230943,1069787294999.9999,,,
2001-10-15,ICICI,EQ,45.35,45.25,46.7,45.25,46.15,45.9,46.03,186912,860314419999.9999,,,
2001-10-16,ICICI,EQ,45.9,46.55,47.25,45.7,46.0,45.9,46.35,140034,649055935000.0,,,
2001-10-17,ICICI,EQ,45.9,46.9,47.8,46.0,47.5,47.25,46.93,193393,907541644999.9999,,,
2001-10-18,ICICI,EQ,47.25,48.5,49.5,46.3,48.0,48.75,48.52,205317,996142575000.0,,,
2001-10-19,ICICI,EQ,48.75,48.7,49.5,47.5,48.0,48.2,48.43,139926,677651135000.0,,,
2001-10-22,ICICI,EQ,48.2,48.0,52.45,48.0,50.5,50.7,50.93,279617,1424132420000.0,,,
2001-10-23,ICICI,EQ,50.7,52.9,55.8,52.25,55.8,55.8,55.26,479651,2650518765000.0,,,
2001-10-24,ICICI,EQ,55.8,58.0,60.3,57.0,58.25,58.4,58.51,554364,3243768680000.0,,,
2001-10-25,ICICI,EQ,58.4,60.5,64.0,52.6,52.7,52.8,56.97,924111,5264330905000.0,,,
2001-10-29,ICICI,EQ,52.8,56.4,56.4,52.25,53.25,53.55,54.36,318262,1729946475000.0,,,
2001-10-30,ICICI,EQ,53.55,52.0,54.25,50.0,51.2,51.15,51.1,123213,629631790000.0,,,
2001-10-31,ICICI,EQ,51.15,51.0,53.0,50.15,51.5,51.95,51.52,109247,562835050000.0,,,
2001-11-01,ICICI,EQ,51.95,52.0,52.5,51.1,51.9,52.15,51.88,188085,975837135000.0,,,
2001-11-02,ICICI,EQ,52.15,52.0,53.9,52.0,52.5,52.7,53.07,211159,1120577045000.0,,,
2001-11-05,ICICI,EQ,52.7,51.2,53.5,51.2,52.75,52.45,52.66,174841,920703355000.0001,,,
2001-11-06,ICICI,EQ,52.45,53.0,54.0,51.55,52.0,51.9,52.38,131322,687832240000.0,,,
2001-11-07,ICICI,EQ,51.9,53.0,53.5,49.25,49.25,50.05,51.3,209079,1072515650000.0,,,
2001-11-08,ICICI,EQ,50.05,50.95,51.0,50.05,50.5,50.4,50.67,67674,342912575000.0,,,
2001-11-09,ICICI,EQ,50.4,50.5,50.6,49.05,49.9,49.55,49.95,154871,773569055000.0,,,
2001-11-12,ICICI,EQ,49.55,51.1,52.15,49.75,50.8,50.9,51.06,245547,1253822160000.0,,,
2001-11-13,ICICI,EQ,50.9,51.0,51.0,49.5,50.3,50.15,50.24,132847,667436970000.0,,,
2001-11-14,ICICI,EQ,50.15,51.0,51.85,50.05,50.8,50.6,50.58,73674,372622120000.0,,,
2001-11-15,ICICI,EQ,50.6,51.0,51.0,50.1,50.35,50.55,50.44,150133,757224500000.0,,,
2001-11-19,ICICI,EQ,50.55,51.5,53.2,51.0,52.2,52.25,52.25,406511,2124222545000.0,,,
2001-11-20,ICICI,EQ,52.25,52.8,54.5,51.0,51.75,52.0,53.01,282830,1499359605000.0,,,
2001-11-21,ICICI,EQ,52.0,52.0,53.5,52.0,52.65,52.25,52.8,150155,792823875000.0,,,
2001-11-22,ICICI,EQ,52.25,52.95,53.65,52.5,52.9,52.65,52.97,198685,1052520019999.9999,,,
2001-11-23,ICICI,EQ,52.65,53.0,53.45,51.7,52.0,52.05,52.4,132640,695044115000.0,,,
2001-11-26,ICICI,EQ,52.05,52.9,55.3,52.9,53.4,53.2,53.36,295722,1577936660000.0,,,
2001-11-27,ICICI,EQ,53.2,54.0,54.25,52.05,52.2,52.55,53.04,323430,1715473095000.0,,,
2001-11-28,ICICI,EQ,52.55,51.75,52.45,50.75,51.05,51.05,51.58,215962,1113908580000.0,,,
2001-11-29,ICICI,EQ,51.05,50.4,51.85,50.25,50.3,50.55,50.81,156051,792849190000.0,,,
2001-12-03,ICICI,EQ,50.55,51.25,51.25,48.0,49.0,48.9,49.78,335964,1672371995000.0,,,
2001-12-04,ICICI,EQ,48.9,48.05,49.5,46.8,47.2,47.25,47.73,529773,2528659790000.0,,,
2001-12-05,ICICI,EQ,47.25,48.1,50.0,45.65,45.9,45.95,47.31,744679,3523086365000.0,,,
2001-12-06,ICICI,EQ,45.95,46.1,46.95,44.35,45.25,44.85,45.45,797662,3625269604999.9995,,,
2001-12-07,ICICI,EQ,44.85,45.0,47.85,44.75,47.5,46.45,45.67,698835,3191291730000.0,,,
2001-12-10,ICICI,EQ,46.45,48.95,49.8,47.5,48.85,48.75,48.92,884273,4325447600000.0,,,
2001-12-11,ICICI,EQ,48.75,48.15,49.5,47.3,47.4,47.8,48.77,451289,2201079465000.0,,,
2001-12-12,ICICI,EQ,47.8,49.0,49.45,47.75,47.8,47.95,48.17,205004,987538685000.0,,,
2001-12-13,ICICI,EQ,47.95,47.15,48.0,45.1,46.55,46.9,46.31,454189,2103358845000.0,,,
2001-12-14,ICICI,EQ,46.9,46.5,46.7,45.55,46.5,46.5,46.3,246528,1141369955000.0,,,
2001-12-18,ICICI,EQ,46.5,47.0,47.1,45.0,46.0,46.05,45.69,314482,1436935560000.0,,,
2001-12-19,ICICI,EQ,46.05,49.5,49.5,45.7,45.8,46.05,46.54,289434,1347152010000.0,,,
2001-12-20,ICICI,EQ,46.05,45.0,46.25,44.85,45.45,45.35,45.43,190098,863674580000.0001,,,
2001-12-21,ICICI,EQ,45.35,45.1,45.45,44.0,44.15,44.15,44.43,177544,788743340000.0,,,
2001-12-24,ICICI,EQ,44.15,43.9,44.5,43.0,43.3,43.35,43.51,292359,1271974530000.0,,,
2001-12-26,ICICI,EQ,43.35,43.3,43.85,43.05,43.05,43.2,43.34,175120,758931450000.0,,,
2001-12-27,ICICI,EQ,43.2,43.05,43.4,39.6,40.0,40.75,41.77,645529,2696225350000.0,,,
2001-12-28,ICICI,EQ,40.75,42.45,42.45,40.25,41.85,41.45,41.17,278499,1146469030000.0,,,
2001-12-31,ICICI,EQ,41.45,42.35,44.75,42.35,43.9,43.95,43.52,323793,1409074705000.0,,,
2002-01-01,ICICI,EQ,43.95,44.85,44.85,43.3,44.25,44.05,44.0,182338,802220495000.0,,127600.0,0.6998000000000001
2002-01-02,ICICI,EQ,44.05,43.5,44.35,43.5,44.15,44.15,44.09,93462,412030260000.0,,64032.0,0.6851
2002-01-03,ICICI,EQ,44.15,44.9,46.6,44.0,46.25,46.15,45.45,253044,1150185285000.0,,166508.0,0.658
2002-01-04,ICICI,EQ,46.15,46.7,46.75,45.0,45.75,45.5,45.62,202522,923893575000.0,,128741.0,0.6357
2002-01-07,ICICI,EQ,45.5,46.4,46.4,43.95,44.25,44.15,44.84,295821,1326394270000.0,,233088.0,0.7879
2002-01-08,ICICI,EQ,44.15,44.9,44.95,44.1,44.7,44.7,44.51,100324,446531365000.00006,,47748.0,0.47590000000000005
2002-01-09,ICICI,EQ,44.7,44.9,45.4,44.15,44.5,44.5,44.71,155829,696703050000.0,,114448.0,0.7343999999999999
2002-01-10,ICICI,EQ,44.5,44.15,45.0,44.1,44.75,44.75,44.49,100495,447142205000.0,,77788.0,0.774
2002-01-11,ICICI,EQ,44.75,44.9,45.0,43.75,44.15,44.05,44.29,118265,523847850000.0,,88801.0,0.7509
2002-01-14,ICICI,EQ,44.05,44.3,45.4,44.15,44.25,44.25,44.79,142270,637295570000.0,,89430.0,0.6286
2002-01-15,ICICI,EQ,44.25,45.55,48.7,45.5,48.7,48.45,47.32,1328279,6285179550000.0,,705685.0,0.5313
2002-01-16,ICICI,EQ,48.45,50.45,51.35,47.55,48.45,48.85,49.18,1844094,9068639055000.0,,944980.0,0.5124000000000001
2002-01-17,ICICI,EQ,48.85,46.0,49.45,46.0,48.3,48.95,48.6,943961,4587766605000.0,,614991.0,0.6515000000000001
2002-01-18,ICICI,EQ,48.95,49.0,49.45,46.7,46.95,47.1,47.75,405395,1935855710000.0002,,255303.0,0.6298
2002-01-21,ICICI,EQ,47.1,49.0,49.0,47.25,47.6,47.55,48.09,526624,2532409335000.0,,353234.0,0.6708
2002-01-22,ICICI,EQ,47.55,47.4,48.35,47.35,47.6,47.6,47.85,246589,1179949880000.0,,147796.0,0.5994
2002-01-23,ICICI,EQ,47.6,47.9,50.15,47.9,49.0,48.75,49.41,1325449,6548878915000.0,,887128.0,0.6693000000000001
2002-01-24,ICICI,EQ,48.75,49.5,51.6,48.15,50.8,50.7,50.41,2165475,10915441510000.0,,748244.0,0.3455
2002-01-25,ICICI,EQ,50.7,51.25,51.95,49.6,50.95,50.5,50.63,1000495,5065311165000.0,,450739.0,0.45049999999999996
2002-01-28,ICICI,EQ,50.5,50.8,52.6,50.6,52.15,52.05,51.98,865194,4497306770000.0,,384191.0,0.4441
2002-01-29,ICICI,EQ,52.05,52.0,52.9,50.25,50.6,50.45,51.21,475720,2436187200000.0,,255114.0,0.5363
2002-01-30,ICICI,EQ,50.45,50.1,51.2,49.5,50.9,50.65,50.11,501215,2511446570000.0,,292553.0,0.5837
2002-01-31,ICICI,EQ,50.65,50.9,51.4,50.3,50.6,50.6,50.84,353174,1795369580000.0,,224138.0,0.6346
2002-02-01,ICICI,EQ,50.6,51.2,51.5,50.55,51.35,51.25,51.02,257196,1312308800000.0,,185560.0,0.7215
2002-02-04,ICICI,EQ,51.25,55.9,55.9,47.0,50.6,50.75,51.28,719962,3692020654999.9995,,445401.0,0.6186
2002-02-05,ICICI,EQ,50.75,49.6,51.8,48.1,51.5,51.3,51.22,542463,2778419550000.0,,436999.0,0.8056000000000001
2002-02-06,ICICI,EQ,51.3,47.4,47.5,44.0,46.9,46.8,46.59,795913,3707876035000.0,,,
2002-02-07,ICICI,EQ,46.8,48.0,48.0,46.1,46.4,46.45,46.9,423696,1987049710000.0002,,,
2002-02-08,ICICI,EQ,46.45,46.4,47.0,46.4,46.6,46.75,46.7,175098,817676485000.0,,,
2002-02-11,ICICI,EQ,46.75,46.9,48.45,46.6,48.05,48.2,47.71,761658,3634028545000.0005,,,
2002-02-12,ICICI,EQ,48.2,48.45,48.75,47.5,48.0,47.9,48.15,418483,2014966395000.0,,,
2002-02-13,ICICI,EQ,47.9,48.0,50.4,47.8,50.25,49.6,49.18,838774,4124787935000.0,,,
2002-02-14,ICICI,EQ,49.6,50.6,54.6,50.4,54.6,54.6,52.61,1574549,8284189415000.001,,,
2002-02-15,ICICI,EQ,54.6,56.9,60.1,55.5,60.1,60.1,58.68,1588140,9319742125000.0,,,
2002-02-18,ICICI,EQ,60.1,63.6,66.15,61.8,62.4,63.1,64.16,2827031,18139047280000.0,,2307413.0,0.2454
2002-02-19,ICICI,EQ,63.1,62.9,64.0,59.5,62.75,62.8,62.7,1561000,9786896940000.0,,744304.0,0.4768
2002-02-20,ICICI,EQ,62.8,62.05,63.3,61.05,62.8,62.55,61.92,828393,5129174340000.0,,,
2002-02-21,ICICI,EQ,62.55,62.75,66.45,62.1,62.75,63.0,64.42,1249751,8050930684999.999,,456583.0,0.3653
2002-02-22,ICICI,EQ,63.0,63.8,69.3,63.0,68.75,68.8,67.97,3642145,24755378770000.0,,1169487.0,0.3211
2002-02-25,ICICI,EQ,68.8,69.0,70.35,64.15,68.05,68.6,67.67,2160064,14616996205000.002,,751318.0,0.3478
2002-02-26,ICICI,EQ,68.6,70.0,70.5,65.2,67.25,66.55,67.13,1097166,7365643895000.0,,442590.0,0.40340000000000004
2002-02-27,ICICI,EQ,66.55,69.0,69.5,63.15,63.65,63.65,64.77,987439,6395308035000.0,,477671.0,0.48369999999999996
2002-02-28,ICICI,EQ,63.65,64.0,65.9,57.35,57.5,58.05,61.58,1853707,11415370745000.0,,799566.0,0.4313
2002-03-01,ICICI,EQ,58.05,57.05,63.9,56.0,63.9,63.9,61.64,1391602,8577512195000.0,,498186.0,0.358
2002-03-04,ICICI,EQ,63.9,65.2,66.0,62.75,63.7,63.75,64.04,770948,4937243690000.0,,348326.0,0.4518
2002-03-05,ICICI,EQ,63.75,65.0,65.0,62.55,63.1,63.2,63.52,556844,3536841560000.0,,254560.0,0.4571
2002-03-06,ICICI,EQ,63.2,64.0,67.65,64.0,64.75,64.6,65.76,1794238,11798114385000.0,,477343.0,0.266
2002-03-07,ICICI,EQ,64.6,65.3,65.45,63.8,64.3,64.15,64.46,494901,3190371645000.0,,270333.0,0.5462
2002-03-08,ICICI,EQ,64.15,65.25,66.5,64.05,64.05,64.25,65.07,485714,3160652525000.0,,185955.0,0.38280000000000003
2002-03-11,ICICI,EQ,64.25,64.5,64.7,62.2,62.9,62.55,62.71,478483,3000418350000.0,,,
2002-03-12,ICICI,EQ,62.55,63.0,63.0,61.25,61.6,61.65,62.26,290481,1808541555000.0,,441090.0,0.5736
2002-03-13,ICICI,EQ,61.65,59.55,63.0,59.55,61.75,61.75,62.0,241691,1498519155000.0,,87242.0,0.36100000000000004
2002-03-14,ICICI,EQ,61.75,62.0,63.0,61.0,62.5,62.1,61.88,222111,1374397095000.0,,102575.0,0.4618
2002-03-15,ICICI,EQ,62.1,63.1,65.8,62.25,64.9,64.65,63.77,693842,4424596060000.0,,311063.0,0.4483
2002-03-18,ICICI,EQ,64.65,66.0,67.0,63.5,63.6,63.75,65.17,796185,5188649000000.0,,344567.0,0.4328
2002-03-19,ICICI,EQ,63.75,64.1,65.0,62.7,63.0,63.0,63.74,352850,2248992145000.0,,149814.0,0.42460000000000003
2002-03-20,ICICI,EQ,63.0,63.75,64.1,61.55,62.35,62.5,62.79,353459,2219227705000.0,,160338.0,0.4536
2002-03-21,ICICI,EQ,62.5,62.7,62.75,60.2,60.2,60.75,61.58,312393,1923854095000.0,,176898.0,0.5663
2002-03-22,ICICI,EQ,60.75,63.0,65.0,60.3,60.9,60.95,60.92,280322,1707831664999.9998,,152853.0,0.5453
2002-03-26,ICICI,EQ,60.95,61.0,62.0,59.2,60.6,60.4,60.22,278033,1674287735000.0,,165972.0,0.5970000000000001
2002-03-27,ICICI,EQ,60.4,62.1,63.5,60.0,60.3,60.25,61.38,420573,2581553520000.0,,167987.0,0.3994
2002-03-28,ICICI,EQ,60.25,61.0,63.0,60.5,61.3,60.8,61.62,1103159,6797756765000.001,,449781.0,0.40770000000000006
2002-04-01,ICICI,EQ,60.8,61.5,63.85,61.5,63.0,63.35,62.69,464879,2914295820000.0,,166600.0,0.35840000000000005
2002-04-02,ICICI,EQ,63.35,63.1,64.6,62.9,63.9,63.5,63.7,425867,2712649815000.0,,161476.0,0.37920000000000004
2002-04-03,ICICI,EQ,63.5,63.15,65.1,62.7,63.2,63.45,64.01,404498,2589021780000.0,,111279.0,0.2751
2002-04-04,ICICI,EQ,63.45,63.05,64.2,62.5,63.25,63.3,63.53,224371,1425361945000.0,,112989.0,0.5036
2002-04-05,ICICI,EQ,63.3,63.0,63.0,61.9,62.5,62.35,62.27,220696,1374380815000.0,,126986.0,0.5754
2002-04-08,ICICI,EQ,62.35,63.0,63.5,61.55,61.8,61.75,62.1,369995,2297562335000.0,,234583.0,0.634
2002-04-09,ICICI,EQ,61.75,62.1,62.25,61.05,61.6,61.5,61.59,126859,781329195000.0,,81082.0,0.6392
2002-04-10,ICICI,EQ,61.5,62.25,62.45,61.4,61.8,61.8,61.99,165030,1022983825000.0,,81478.0,0.49369999999999997
2002-04-11,ICICI,EQ,61.8,62.0,65.0,61.1,61.35,61.4,62.09,571833,3550284595000.0005,,265932.0,0.4651
2002-04-12,ICICI,EQ,61.4,62.0,62.0,61.0,61.15,61.2,61.47,245320,1507872670000.0,,143402.0,0.5846
2002-04-15,ICICI,EQ,61.2,63.0,63.0,60.5,60.65,60.65,61.32,177777,1090173405000.0001,,94489.0,0.5315
2002-04-16,ICICI,EQ,60.65,60.95,60.95,59.7,60.15,60.15,60.24,162666,979972680000.0001,,,
2002-04-17,ICICI,EQ,60.15,60.9,61.0,59.5,59.75,59.75,60.17,133155,801197875000.0,,99043.0,0.7438
2002-04-18,ICICI,EQ,59.75,59.5,59.8,57.75,58.4,58.25,58.23,165317,962613535000.0,,88875.0,0.5376
2002-04-19,ICICI,EQ,58.25,58.4,58.4,57.05,57.25,57.25,57.53,156149,898389255000.0001,,103506.0,0.6629
2002-04-22,ICICI,EQ,57.25,58.0,58.0,55.1,56.5,56.5,56.35,150124,845924444999.9999,,80116.0,0.5337
2002-04-23,ICICI,EQ,56.5,57.0,57.5,56.2,56.35,56.65,56.81,110953,630287960000.0,,75125.0,0.6770999999999999
2002-04-24,ICICI,EQ,56.65,57.0,57.5,56.35,56.55,56.7,56.95,517915,2949451895000.0,,,
2002-04-25,ICICI,EQ,56.7,56.7,57.0,54.1,54.6,54.95,55.99,551287,3086811940000.0,,653431.0,0.6111
2002-04-26,ICICI,EQ,54.95,55.35,56.95,54.8,56.7,56.1,55.68,324149,1804838055000.0,,142978.0,0.4411
2002-04-29,ICICI,EQ,56.1,56.65,56.65,55.2,55.3,55.35,55.78,119678,667568665000.0,,66273.0,0.5538000000000001
2002-04-30,ICICI,EQ,55.35,55.5,56.5,55.0,55.4,55.2,55.35,169403,937565425000.0,,,
2002-05-02,ICICI,EQ,55.2,55.2,56.0,54.15,55.05,55.2,55.2,147341,813395150000.0,,111581.0,0.7573000000000001
2002-05-03,ICICI,EQ,55.2,55.7,57.65,55.3,56.7,57.0,56.36,276087,1556142105000.0,,135916.0,0.49229999999999996
2002-05-06,ICICI,EQ,57.0,57.95,58.25,57.0,57.5,57.5,57.57,272204,1567039605000.0,,163719.0,0.6015
2002-05-07,ICICI,EQ,57.5,57.75,60.25,57.5,59.85,59.7,59.11,617591,3650532729999.9995,,356166.0,0.5767
2002-05-08,ICICI,EQ,59.7,60.25,62.6,60.05,61.95,61.95,61.91,1117552,6918230400000.0,,729456.0,0.6527
2002-05-09,ICICI,EQ,61.95,62.95,63.8,62.5,63.7,63.5,63.15,1027918,6491756645000.0,,668908.0,0.6507
2002-05-10,ICICI,EQ,63.5,63.65,65.1,63.3,65.0,64.8,64.45,720072,4640699275000.0,,538430.0,0.7477
2002-05-13,ICICI,EQ,64.8,63.5,66.65,63.5,64.95,65.0,65.53,1009142,6612539375000.0,,663912.0,0.6579
2002-05-14,ICICI,EQ,65.0,65.7,67.3,65.15,67.0,67.0,66.79,1367201,9131738400000.0,,959544.0,0.7018000000000001
2002-05-15,ICICI,EQ,67.0,67.5,69.0,65.1,65.7,65.9,67.34,967471,6515045835000.0,,366771.0,0.3791
2002-05-16,ICICI,EQ,65.9,65.8,65.8,63.8,65.0,64.75,64.64,449839,2907640675000.0,,236697.0,0.5262
2002-05-17,ICICI,EQ,64.75,65.0,66.0,64.05,65.9,65.95,65.35,636460,4159158835000.0,,422128.0,0.6631999999999999
2002-05-20,ICICI,EQ,65.95,66.0,66.9,64.1,65.0,64.7,65.2,396532,2585207785000.0,,207456.0,0.5232
2002-05-21,ICICI,EQ,64.7,64.0,64.45,61.2,63.95,63.8,63.02,552812,3483772465000.0,,307765.0,0.5567000000000001
2002-05-22,ICICI,EQ,63.8,63.05,63.95,62.0,62.5,62.4,62.91,271122,1705750110000.0002,,151900.0,0.5603
2002-05-23,ICICI,EQ,62.4,62.15,63.2,60.25,61.0,61.05,61.29,278897,1709426360000.0002,,175721.0,0.6301
2002-05-24,ICICI,EQ,61.05,61.9,63.0,61.0,62.45,62.5,62.3,238255,1484346210000.0,,157390.0,0.6606000000000001
2002-05-27,ICICI,EQ,62.5,63.3,63.5,62.05,62.65,62.8,62.88,298538,1877227314999.9998,,223419.0,0.7484000000000001
2002-05-28,ICICI,EQ,62.8,62.8,63.95,61.6,61.8,61.8,62.56,270450,1691830060000.0002,,141800.0,0.5243
2002-05-29,ICICI,EQ,61.8,61.3,62.5,61.3,62.1,62.0,61.89,127233,787474815000.0,,,
2002-05-30,ICICI,EQ,62.0,61.4,62.5,60.7,61.35,61.25,61.68,465878,2873686230000.0,,,
